Game Name, Game Regular Prize, Discount Prize, Link
"DARK SOULS™ III",Not discounted,59,99€,https://store.steampowered.com/app/374320/DARK_SOULS_III/
"Counter-Strike 2",Not discounted,Free to Play,https://store.steampowered.com/app/730/CounterStrike_2/
"Cyberpunk 2077",Not discounted,59,99€,https://store.steampowered.com/app/1091500/Cyberpunk_2077/
"ELDEN RING",Not discounted,59,99€,https://store.steampowered.com/app/1245620/ELDEN_RING/
"Stardew Valley",Not discounted,13,99€,https://store.steampowered.com/app/413150/Stardew_Valley/
"Baldur's Gate 3",Not discounted,59,99€,https://store.steampowered.com/app/1086940/Baldurs_Gate_3/
"Dota 2",Not discounted,Free to Play,https://store.steampowered.com/app/570/Dota_2/
"Grand Theft Auto V Enhanced",Not discounted,29,99€,https://store.steampowered.com/app/3240220/Grand_Theft_Auto_V_Enhanced/
"Portal",Not discounted,9,75€,https://store.steampowered.com/app/400/Portal/
"Terraria",Not discounted,9,75€,https://store.steampowered.com/app/105600/Terraria/
"Hollow Knight",Not discounted,14,79€,https://store.steampowered.com/app/367520/Hollow_Knight/
"Monster Hunter: World",Not discounted,29,99€,https://store.steampowered.com/app/582010/Monster_Hunter_World/
"Red Dead Redemption 2",Not discounted,59,99€,https://store.steampowered.com/app/1174180/Red_Dead_Redemption_2/
"Apex Legends™",Not discounted,Free to Play,https://store.steampowered.com/app/1172470/Apex_Legends/
"Hades",Not discounted,24,50€,https://store.steampowered.com/app/1145360/Hades/
"Left 4 Dead 2",Not discounted,9,75€,https://store.steampowered.com/app/550/Left_4_Dead_2/
"Sid Meier’s Civilization® VI",Not discounted,59,99€,https://store.steampowered.com/app/289070/Sid_Meiers_Civilization_VI/
"Rust",39,99€,19,99€,https://store.steampowered.com/app/252490/Rust/
"Half-Life 2",Not discounted,9,75€,https://store.steampowered.com/app/220/HalfLife_2/
"Celeste",Not discounted,18,99€,https://store.steampowered.com/app/504230/Celeste/
"Europa Universalis IV",Not discounted,49,99€,https://store.steampowered.com/app/236850/Europa_Universalis_IV/
"Euro Truck Simulator 2",Not discounted,19,99€,https://store.steampowered.com/app/227300/Euro_Truck_Simulator_2/
"Dead by Daylight",Not discounted,19,99€,https://store.steampowered.com/app/381210/Dead_by_Daylight/
"Slay the Spire 2",Not discounted,22,99€,https://store.steampowered.com/app/2868840/Slay_the_Spire_2/
"Subnautica",Not discounted,29,99€,https://store.steampowered.com/app/264710/Subnautica/
"Team Fortress 2",Not discounted,Free to Play,https://store.steampowered.com/app/440/Team_Fortress_2/
"Drums Rock: Undertale - 'MEGALOVANIA'",Not discounted,1,99€,https://store.steampowered.com/app/2532520/Drums_Rock_Undertale__MEGALOVANIA/
"RimWorld",Not discounted,31,99€,https://store.steampowered.com/app/294100/RimWorld/
"Phasmophobia",Not discounted,18,99€,https://store.steampowered.com/app/739630/Phasmophobia/
"Cities: Skylines",Not discounted,27,99€,https://store.steampowered.com/app/255710/Cities_Skylines/
